{
  "moderately": {
    "precision": 0.4348422496570645,
    "recall": 0.3419633225458468,
    "f1-score": 0.3828502415458938,
    "support": 927
  },
  "slightly": {
    "precision": 0.3561643835616438,
    "recall": 0.2903225806451613,
    "f1-score": 0.31989063568010934,
    "support": 806
  },
  "very": {
    "precision": 0.2386634844868735,
    "recall": 0.4073319755600815,
    "f1-score": 0.3009781790820166,
    "support": 491
  },
  "accuracy": 0.3376798561151079,
  "macro avg": {
    "precision": 0.34322337256852725,
    "recall": 0.3465392929170299,
    "f1-score": 0.33457301876933987,
    "support": 2224
  },
  "weighted avg": {
    "precision": 0.36301754922025115,
    "recall": 0.3376798561151079,
    "f1-score": 0.3419578741908641,
    "support": 2224
  }
}